keyword,ref,title,votes,downloads,usability,last_updated,license,url,category
ukraine war,piterfm/2022-ukraine-russian-war,2022 Russia Ukraine War,1139,37488,1.0,2026-09-12,CC BY-NC-SA 4.0,https://www.kaggle.com/datasets/piterfm/2022-ukraine-russian-war,Europe_Russia
us mexico border,akhilv11/border-crossing-entry-data,Border Crossing Entry Data,274,11877,1.0,2019-08-21,U.S. Government Works,https://www.kaggle.com/datasets/akhilv11/border-crossing-entry-data,Americas
semiconductor supply chain,surajjha101/bigbasket-entire-product-list-28k-datapoints,BigBasket Entire Product List (~28K datapoints) ,257,20828,1.0,2022-06-22,CC BY-NC-SA 4.0,https://www.kaggle.com/datasets/surajjha101/bigbasket-entire-product-list-28k-datapoints,Asia_Pacific
gaza israel conflict,asaniczka/reddit-on-israel-palestine-daily-updated,Daily Public Opinion on Israel-Palestine War,235,5769,0.88,2026-09-15,ODC Attribution License (ODC-By),https://www.kaggle.com/datasets/asaniczka/reddit-on-israel-palestine-daily-updated,Middle_East
us canada trade,lucafrance/the-world-factbook-by-cia,The World Factbook by CIA,191,8858,0.94,2025-03-14,CC0: Public Domain,https://www.kaggle.com/datasets/lucafrance/the-world-factbook-by-cia,Americas
middle east conflict,saurabhbadole/countries-in-conflict-dataset,Countries in Conflict Dataset (1989-2022),103,1071,1.0,2024-03-27,CC0: Public Domain,https://www.kaggle.com/datasets/saurabhbadole/countries-in-conflict-dataset,Middle_East
russia sanctions,pranav941/russia-to-world-trade14m-data-points,From USSR to Russia: Tracing history of exports,95,1095,1.0,2022-10-08,CC0: Public Domain,https://www.kaggle.com/datasets/pranav941/russia-to-world-trade14m-data-points,Europe_Russia
iran sanctions,awsaf49/uwmgi-mask-dataset,UWMGI: Mask Dataset,79,3900,0.76,2022-04-24,Other (specified in description),https://www.kaggle.com/datasets/awsaf49/uwmgi-mask-dataset,Middle_East
iran nuclear,alitaqishah/iran-war-oil-shock-2026-brent-and-gas-tracker,Iran War Oil Shock 2026 | Brent & Gas Tracker,75,1288,1.0,2026-03-20,CC0: Public Domain,https://www.kaggle.com/datasets/alitaqishah/iran-war-oil-shock-2026-brent-and-gas-tracker,Middle_East
us china trade war,alitaqishah/global-tariff-wars-2026,Global Tariff Wars 2026,70,513,1.0,2026-03-31,CC0: Public Domain,https://www.kaggle.com/datasets/alitaqishah/global-tariff-wars-2026,Asia_Pacific
us mexico border,cbp/illegal-immigrants,Illegal Immigrants Arrested by US Border Patrol,59,2529,0.85,2017-01-27,CC0: Public Domain,https://www.kaggle.com/datasets/cbp/illegal-immigrants,Americas
ukraine war,sinatavakoli/ukraine-war,Ukraine War,54,2180,1.0,2024-10-23,Apache 2.0,https://www.kaggle.com/datasets/sinatavakoli/ukraine-war,Europe_Russia
us mexico border,zusmani/trumps-legacy,Trump's Legacy ,54,972,1.0,2021-01-29,CC0: Public Domain,https://www.kaggle.com/datasets/zusmani/trumps-legacy,Americas
opec crude oil,belbino/global-fuel-prices-20202026,Global Fuel Prices 2020–2026,48,2935,1.0,2026-04-07,CC0: Public Domain,https://www.kaggle.com/datasets/belbino/global-fuel-prices-20202026,Middle_East
semiconductor supply chain,sergionefedov/global-supply-chain-and-trade-disruptions-25-years,Global Supply Chain & Trade Disruptions 25 years,46,1161,1.0,2026-06-18,CC0: Public Domain,https://www.kaggle.com/datasets/sergionefedov/global-supply-chain-and-trade-disruptions-25-years,Asia_Pacific
europe energy crisis,sergionefedov/global-climate-and-energy-transition-2000-2026,Global Climate & Energy Transition 2000-2026,36,1559,1.0,2026-06-03,CC0: Public Domain,https://www.kaggle.com/datasets/sergionefedov/global-climate-and-energy-transition-2000-2026,Europe_Russia
opec crude oil,abdulmaliklodhra/global-fuel-prices-analysis-and-2026-forecasting,Global Fuel Prices Analysis & 2026 Forecasting,36,912,1.0,2026-03-10,CC BY-SA 4.0,https://www.kaggle.com/datasets/abdulmaliklodhra/global-fuel-prices-analysis-and-2026-forecasting,Middle_East
us china trade war,belbino/us-tariff-and-trade-war-impact-dataset-2018-present,US Tariff & Trade War Impact Dataset 2018-Present,35,1478,1.0,2026-09-15,CC BY-SA 4.0,https://www.kaggle.com/datasets/belbino/us-tariff-and-trade-war-impact-dataset-2018-present,Asia_Pacific
iran nuclear,zkskhurram/global-civil-aviation-disruption2026-iranus-war,✈️ Global Civil Aviation Disruption2026 IranUS War,34,1838,1.0,2026-06-08,CC BY-SA 4.0,https://www.kaggle.com/datasets/zkskhurram/global-civil-aviation-disruption2026-iranus-war,Middle_East
semiconductor supply chain,moaz1911/ultimate-memory-crisis-hardware-market-dynamics,Ultimate Memory Crisis: Hardware Market Dynamics,34,359,1.0,2026-05-08,Apache 2.0,https://www.kaggle.com/datasets/moaz1911/ultimate-memory-crisis-hardware-market-dynamics,Asia_Pacific
opec crude oil,kavyadhyani/global-oil-prices-and-geopolitical-events,Global Oil Prices & Geopolitical Events(2010-2026),33,1541,1.0,2026-03-12,Attribution 4.0 International (CC BY 4.0),https://www.kaggle.com/datasets/kavyadhyani/global-oil-prices-and-geopolitical-events,Middle_East
sudan conflict,waddahali/sudan-conflict-2023-2026,Sudan Conflict (2023->2026),33,216,1.0,2026-03-31,CC BY-NC-SA 4.0,https://www.kaggle.com/datasets/waddahali/sudan-conflict-2023-2026,Africa
argentina inflation,edudev-commons-org/global-fuel-prices-100-years-19242024,Global Fuel Prices: 100 Years (1924–2024),31,712,1.0,2026-03-31,MIT,https://www.kaggle.com/datasets/edudev-commons-org/global-fuel-prices-100-years-19242024,Americas
ukraine war,jainaru/financial-aid-to-ukraine,Ukraine Financial Aid 2024 (Russia-Ukraine War),30,1107,1.0,2024-05-19,CC0: Public Domain,https://www.kaggle.com/datasets/jainaru/financial-aid-to-ukraine,Europe_Russia
us china trade war,belbino/global-trade-war-2018-present-tariff-and-markets,Global Trade War 2018 - Present : Tariff & Markets,29,923,1.0,2026-09-15,CC0: Public Domain,https://www.kaggle.com/datasets/belbino/global-trade-war-2018-present-tariff-and-markets,Asia_Pacific
europe energy crisis,sergionefedov/global-aviation-industry-2010-2026,Global Aviation Industry 2010-2026,27,1411,1.0,2026-06-21,CC0: Public Domain,https://www.kaggle.com/datasets/sergionefedov/global-aviation-industry-2010-2026,Europe_Russia
iran sanctions,sergionefedov/oil-and-geopolitics-9k-daily-obs-brent-35-years,Oil and Geopolitics 9K daily obs Brent 35 years,27,713,1.0,2026-05-07,Apache 2.0,https://www.kaggle.com/datasets/sergionefedov/oil-and-geopolitics-9k-daily-obs-brent-35-years,Middle_East
iran nuclear,solowpm23/iran-vs-us-coflict-news-dataset,Iran vs USA Conflict News Dataset,26,824,1.0,2026-06-14,CC BY-NC-SA 4.0,https://www.kaggle.com/datasets/solowpm23/iran-vs-us-coflict-news-dataset,Middle_East
nato defense spending,patelris/global-defense-spending-analytics-dataset,Military Expenditure ML Dataset,23,146,1.0,2026-04-30,Attribution 4.0 International (CC BY 4.0),https://www.kaggle.com/datasets/patelris/global-defense-spending-analytics-dataset,Europe_Russia
sudan conflict,samirmidris/sudan-food-security-market-prices-2010-2026,Sudan Food Security: Market Prices (2010 - 2026),22,143,1.0,2026-02-20,CC BY-SA 4.0,https://www.kaggle.com/datasets/samirmidris/sudan-food-security-market-prices-2010-2026,Africa
gaza israel conflict,sab30226/rocket-alerts-in-israel-made-by-tzeva-adom,"Rocket alerts in Israel made by ""Tzeva Adom""",15,622,0.82,2017-06-24,CC BY-SA 4.0,https://www.kaggle.com/datasets/sab30226/rocket-alerts-in-israel-made-by-tzeva-adom,Middle_East
argentina inflation,sergionefedov/macro-indicators-40-years-30-countries,"Macro Indicators, 40 years, 30 countries",14,299,1.0,2026-04-09,MIT,https://www.kaggle.com/datasets/sergionefedov/macro-indicators-40-years-30-countries,Americas
venezuela economic crisis,hassanjameelahmed/venezuela-wdi-indicators,venezuela-economic-evolution-data-analysis,12,46,1.0,2026-01-05,CC0: Public Domain,https://www.kaggle.com/datasets/hassanjameelahmed/venezuela-wdi-indicators,Americas
south china sea,zhenruiweng/2025-eastern-china-heavy-rainfall-dataset92-days,2025 Eastern China Heavy Rainfall Dataset(92 Days),11,47,1.0,2026-05-11,Apache 2.0,https://www.kaggle.com/datasets/zhenruiweng/2025-eastern-china-heavy-rainfall-dataset92-days,Asia_Pacific
north korea missile,fanbyprinciple/north-korea-missile-test-database,North Korea Missile Test Database,10,541,0.94,2021-04-24,Other (specified in description),https://www.kaggle.com/datasets/fanbyprinciple/north-korea-missile-test-database,Asia_Pacific
gaza israel conflict,willianoliveiragibin/global-protests-over-middle-eastern-crisis,Global Protests Over Middle Eastern Crisis,9,201,1.0,2024-12-01,CC0: Public Domain,https://www.kaggle.com/datasets/willianoliveiragibin/global-protests-over-middle-eastern-crisis,Middle_East
middle east conflict,zkskhurram/middle-east-war-shockwaves,🌏⛽ Middle East War Shockwaves,8,164,1.0,2026-03-25,CC BY-SA 4.0,https://www.kaggle.com/datasets/zkskhurram/middle-east-war-shockwaves,Middle_East
russia sanctions,sergionefedov/sanctions-impact-russian-economy-2014-2026,Sanctions Impact: Russian Economy 2014-2026,7,81,1.0,2026-05-26,Apache 2.0,https://www.kaggle.com/datasets/sergionefedov/sanctions-impact-russian-economy-2014-2026,Europe_Russia
sudan conflict,mpwolke/sudan-pol-viol-events,Sudan Political Violence Events,7,36,0.88,2025-11-19,Other (specified in description),https://www.kaggle.com/datasets/mpwolke/sudan-pol-viol-events,Africa
middle east conflict,igormerlinicomposer/middle-east-conflicts-19482026-wars-and-casualties,Middle East Conflicts 1948–2026: Wars & Casualties,6,131,1.0,2026-03-12,CC0: Public Domain,https://www.kaggle.com/datasets/igormerlinicomposer/middle-east-conflicts-19482026-wars-and-casualties,Middle_East
iran sanctions,abdulmaliklodhra/iran-economy-and-sanctions-forecast-19802026,Iran Economy Sanctions &ML Forecasting (1980–2026),6,80,1.0,2026-03-26,CC BY-SA 4.0,https://www.kaggle.com/datasets/abdulmaliklodhra/iran-economy-and-sanctions-forecast-19802026,Middle_East
europe energy crisis,dkhalidashik/european-energy-generation-prices-and-2030-targets,"European Energy: Generation, Prices & 2030 Targets",6,69,0.71,2026-02-05,Apache 2.0,https://www.kaggle.com/datasets/dkhalidashik/european-energy-generation-prices-and-2030-targets,Europe_Russia
south china sea,willianoliveiragibin/pollen-seafloor-surface,Pollen_Seafloor_Surface,5,27,1.0,2026-02-01,CC0: Public Domain,https://www.kaggle.com/datasets/willianoliveiragibin/pollen-seafloor-surface,Asia_Pacific
south china sea,willianoliveiragibin/south-china-sea,South_China_Sea,4,14,1.0,2026-04-21,CC0: Public Domain,https://www.kaggle.com/datasets/willianoliveiragibin/south-china-sea,Asia_Pacific
north korea missile,farialmahmod/hypersonic-missile-military-weapon,Hypersonic Missile Technology (Military Weapon),2,169,0.88,2026-07-13,Attribution 4.0 International (CC BY 4.0),https://www.kaggle.com/datasets/farialmahmod/hypersonic-missile-military-weapon,Asia_Pacific
argentina inflation,ahmedhelmey/argentinas-inflation-from-2004-to-2022,Argentina's Inflation from 2004 to 2022,1,211,0.18,2022-10-15,Unknown,https://www.kaggle.com/datasets/ahmedhelmey/argentinas-inflation-from-2004-to-2022,Americas
north korea missile,mexwell/north-korea-missile-test-database,🚀 North Korea Missile Test Database,1,104,1.0,2023-08-27,Other (specified in description),https://www.kaggle.com/datasets/mexwell/north-korea-missile-test-database,Asia_Pacific
venezuela economic crisis,dheerajmpai/economic-failure-panel,"Economic Failure Panel: 60 Countries, 1970-2024",1,35,0.94,2026-08-17,Attribution 4.0 International (CC BY 4.0),https://www.kaggle.com/datasets/dheerajmpai/economic-failure-panel,Americas
critical minerals congo,techsalerator/importexport-trade-data-in-republic-of-the-congo,Import/Export Trade Data in Republic of the Congo,0,36,0.65,2024-09-10,Apache 2.0,https://www.kaggle.com/datasets/techsalerator/importexport-trade-data-in-republic-of-the-congo,Africa
taiwan strait,voltai/tremorwatch-supply-chain-risk-dataset,TremorWatch Supply Chain Risk Dataset,0,18,0.59,2026-05-20,CC BY-NC-SA 4.0,https://www.kaggle.com/datasets/voltai/tremorwatch-supply-chain-risk-dataset,Asia_Pacific
critical minerals congo,techsalerator/importexport-trade-data-in-central-african-rep,Import/Export Trade Data in Central African Rep,0,18,0.65,2024-09-10,Apache 2.0,https://www.kaggle.com/datasets/techsalerator/importexport-trade-data-in-central-african-rep,Africa
ethiopia crisis,abrahamalamirew/emergency-food-assistance-efa,EMERGENCY FOOD ASSISTANCE (EFA),0,9,0.59,2026-04-25,Attribution-NonCommercial-ShareAlike 3.0 IGO (CC BY-NC-SA 3.0 IGO),https://www.kaggle.com/datasets/abrahamalamirew/emergency-food-assistance-efa,Africa
venezuela economic crisis,techsalerator/sound-and-audio-data-in-venezuela,Sound and Audio Data in Venezuela,0,8,0.69,2025-04-03,Apache 2.0,https://www.kaggle.com/datasets/techsalerator/sound-and-audio-data-in-venezuela,Americas
