post_id,subreddit,title,link,published,content,sentiment,key_controversy_keywords,summary_ko,comments_collected,collected_at
t3_1wo3wcb,geopolitics,Jordan's King Abdullah Warns Israel's 'Expansionist Appetite' Is Now a Regional Threat: 'Syria Is the Warning',https://www.reddit.com/r/geopolitics/comments/1wo3wcb/jordans_king_abdullah_warns_israels_expansionist/,2026-09-23T11:55:07+00:00,,,,,0,2026-09-23T14:46:44.099567+00:00
t3_1wo3xvl,geopolitics,"Reports of violence against women in Gaza surge, UN agency finds",https://www.reddit.com/r/geopolitics/comments/1wo3xvl/reports_of_violence_against_women_in_gaza_surge/,2026-09-23T11:57:10+00:00,,,,,0,2026-09-23T14:46:48.975173+00:00
t3_1wo0hy8,geopolitics,Argentina’s Falklands veterans turn on Milei,https://www.reddit.com/r/geopolitics/comments/1wo0hy8/argentinas_falklands_veterans_turn_on_milei/,2026-09-23T08:49:10+00:00,,,,,0,2026-09-23T14:46:48.975173+00:00
t3_1wnzfl7,geopolitics,US to build two military bases in Greenland under new deal with Denmark,https://www.reddit.com/r/geopolitics/comments/1wnzfl7/us_to_build_two_military_bases_in_greenland_under/,2026-09-23T07:44:33+00:00,,,,,0,2026-09-23T14:46:48.975173+00:00
t3_1wnqohg,geopolitics,Rubio says Ukraine unintentionally hit 'American-linked' oil infrastructure,https://www.reddit.com/r/geopolitics/comments/1wnqohg/rubio_says_ukraine_unintentionally_hit/,2026-09-23T00:18:46+00:00,,,,,0,2026-09-23T14:46:48.975173+00:00
t3_1wn913o,geopolitics,America’s Allies Are No Longer Waiting for Trump to Leave,https://www.reddit.com/r/geopolitics/comments/1wn913o/americas_allies_are_no_longer_waiting_for_trump/,2026-09-22T13:07:53+00:00,,,,,0,2026-09-23T14:46:48.975173+00:00
t3_1wo3idl,geopolitics,Why the UK's move in the Middle East is so awkward for Trump,https://www.reddit.com/r/geopolitics/comments/1wo3idl/why_the_uks_move_in_the_middle_east_is_so_awkward/,2026-09-23T11:36:03+00:00,,,,,0,2026-09-23T14:46:48.975173+00:00
t3_1wn4mrg,geopolitics,I ran the CIA in Berlin. The Russians are about to make a big mistake,https://www.reddit.com/r/geopolitics/comments/1wn4mrg/i_ran_the_cia_in_berlin_the_russians_are_about_to/,2026-09-22T09:25:25+00:00,,,,,0,2026-09-23T14:46:48.975173+00:00
t3_1wo0434,geopolitics,Trump threatens to ‘drive Iran to hell’ – but looks dangerously weak,https://www.reddit.com/r/geopolitics/comments/1wo0434/trump_threatens_to_drive_iran_to_hell_but_looks/,2026-09-23T08:25:37+00:00,,,,,0,2026-09-23T14:46:48.975173+00:00
t3_1wnesgs,geopolitics,Trump administration gave firm with ties to ballroom donor the green light to do business with a sanctioned Russian bank,https://www.reddit.com/r/geopolitics/comments/1wnesgs/trump_administration_gave_firm_with_ties_to/,2026-09-22T16:47:06+00:00,,,,,0,2026-09-23T14:46:48.975173+00:00
