date,category,title,link,description,source
2026-10-10,Press_Releases,Earthquake in Panama,https://www.state.gov/releases/office-of-the-spokesman/2026/10/earthquake-in-panama/,"<p>Marco Rubio, Secretary of State</p>

<section class=""wp-block-default-hero-container wp-block-default-hero-container--no-featured-content "">

	<div class=""wp-block-default-hero module featured-cont",US_Department_of_State
2026-10-09,Press_Releases,Secretary Rubio’s Meeting with Venezuela’s 2015 National Assembly President Dinorah Figuera,https://www.state.gov/releases/office-of-the-spokesman/2026/10/secretary-rubios-meeting-with-venezuelas-2015-national-assembly-president-dinorah-figuera/,"<p>Office of the Spokesman</p>

<section class=""wp-block-default-hero-container wp-block-default-hero-container--no-featured-content "">

	<div class=""wp-block-default-hero module featured-content page",US_Department_of_State
2026-10-09,Press_Releases,Secretary of State Marco Rubio and 2015 Venezuelan National Assembly President Dinorah Figuera Before Their Meeting,https://www.state.gov/releases/office-of-the-spokesman/2026/10/secretary-of-state-marco-rubio-and-2015-venezuelan-national-assembly-president-dinorah-figuera-before-their-meeting/,"<p>Marco Rubio, Secretary of State</p>
<p>Dinorah Figuera, 2015 Venezuelan National Assembly President</p>
<p>Washington, D.C.</p>
<p>Harry S. Truman Building</p>

<section class=""wp-block-default-her",US_Department_of_State
2026-10-09,Press_Releases,Fiji National Day,https://www.state.gov/releases/office-of-the-spokesman/2026/10/fiji-national-day-2/,"<p>Marco Rubio, Secretary of State</p>

<section class=""wp-block-default-hero-container wp-block-default-hero-container--no-featured-content "">

	<div class=""wp-block-default-hero module featured-cont",US_Department_of_State
2026-10-09,Press_Releases,Imposing Sanctions on the International Criminal Court,https://www.state.gov/releases/office-of-the-spokesman/2026/10/imposing-sanctions-on-the-international-criminal-court-2/,"<p>Office of the Spokesman</p>

<section class=""wp-block-default-hero-container wp-block-default-hero-container--no-featured-content "">

	<div class=""wp-block-default-hero module featured-content page",US_Department_of_State
2026-10-09,Press_Releases,Imposing Sanctions on the International Criminal Court,https://www.state.gov/releases/office-of-the-spokesman/2026/10/imposing-sanctions-on-the-international-criminal-court/,"<p>Marco Rubio, Secretary of State</p>

<section class=""wp-block-default-hero-container wp-block-default-hero-container--no-featured-content "">

	<div class=""wp-block-default-hero module featured-cont",US_Department_of_State
2026-10-09,Press_Releases,Uganda National Day,https://www.state.gov/releases/office-of-the-spokesman/2026/10/uganda-national-day-2/,"<p>Marco Rubio, Secretary of State</p>

<section class=""wp-block-default-hero-container wp-block-default-hero-container--no-featured-content "">

	<div class=""wp-block-default-hero module featured-cont",US_Department_of_State
2026-10-09,Press_Releases,Reconciliation Talks Deliver Concrete Progress for Venezuela’s Democratic Transition,https://www.state.gov/releases/office-of-the-spokesman/2026/10/reconciliation-talks-deliver-concrete-progress-for-venezuelas-democratic-transition/,"<p>Office of the Spokesman</p>

<section class=""wp-block-default-hero-container wp-block-default-hero-container--no-featured-content "">

	<div class=""wp-block-default-hero module featured-content page",US_Department_of_State
2026-10-08,Europe_Eurasia,Secretary of State Marco Rubio Remarks to the Press,https://www.state.gov/releases/office-of-the-spokesman/2026/10/secretary-of-state-marco-rubio-remarks-to-the-press-17/,"<p>Marco Rubio, Secretary of State</p>
<p>Athens, Greece</p>
<p>Athens International Airport</p>

<section class=""wp-block-default-hero-container wp-block-default-hero-container--no-featured-content """,US_Department_of_State
2026-10-08,Europe_Eurasia,Secretary of State Marco Rubio and Portuguese Foreign Minister Paulo Rangel at a Joint Press Availability,https://www.state.gov/releases/office-of-the-spokesman/2026/10/secretary-of-state-marco-rubio-and-portuguese-foreign-minister-paulo-rangel-at-a-joint-press-availability/,"<p>Marco Rubio, Secretary of State</p>
<p>Paulo Rangel, Portuguese Foreign Minister</p>
<p>Lisbon, Portugal</p>
<p>Palacio das Necessidades</p>

<section class=""wp-block-default-hero-container wp-bloc",US_Department_of_State
2026-10-08,Europe_Eurasia,Secretary Rubio’s Meetings with Portuguese Prime Minister Montenegro and Foreign Minister Rangel,https://www.state.gov/releases/office-of-the-spokesman/2026/10/secretary-rubios-meetings-with-portuguese-prime-minister-montenegro-and-foreign-minister-rangel/,"<p>Office of the Spokesman</p>

<section class=""wp-block-default-hero-container wp-block-default-hero-container--no-featured-content "">

	<div class=""wp-block-default-hero module featured-content page",US_Department_of_State
2026-10-08,Europe_Eurasia,Secretary Rubio’s Meeting with Greek Prime Minister Mitsotakis,https://www.state.gov/releases/office-of-the-spokesman/2026/10/secretary-rubios-meeting-with-greek-prime-minister-mitsotakis/,"<p>Office of the Spokesman</p>

<section class=""wp-block-default-hero-container wp-block-default-hero-container--no-featured-content "">

	<div class=""wp-block-default-hero module featured-content page",US_Department_of_State
2026-10-08,Near_East_Middle_East,U.S. Intensifies Operation Economic Outcast Against Iran’s Shadow Fleet Network,https://www.state.gov/releases/office-of-the-spokesman/2026/10/u-s-intensifies-operation-economic-outcast-against-irans-shadow-fleet-networks-fact-sheet/,"<p>Office of the Spokesman</p>

<section class=""wp-block-default-hero-container wp-block-default-hero-container--no-featured-content "">

	<div class=""wp-block-default-hero module featured-content page",US_Department_of_State
2026-10-08,Press_Releases,Operation Economic Outcast Sanctions on Iran’s Shadow Fleet Network,https://www.state.gov/releases/office-of-the-spokesman/2026/10/operation-economic-outcast-sanctions-on-irans-shadow-fleet-network/,"<p>Thomas &quot;Tommy&quot; Pigott, SpokesmanOffice of the Spokesman</p>

<section class=""wp-block-default-hero-container wp-block-default-hero-container--no-featured-content "">

	<div class=""wp-block",US_Department_of_State
2026-10-08,Press_Releases,Release of the 2026 Trafficking in Persons Report,https://www.state.gov/releases/office-of-the-spokesman/2026/10/release-of-the-2026-trafficking-in-persons-report/,"<p>Thomas &quot;Tommy&quot; Pigott, SpokesmanOffice of the Spokesman</p>

<section class=""wp-block-default-hero-container wp-block-default-hero-container--no-featured-content "">

	<div class=""wp-block",US_Department_of_State
2026-10-07,Europe_Eurasia,Joint Statement on the U.S.-Greece Strategic Dialogue,https://www.state.gov/releases/office-of-the-spokesman/2026/10/joint-statement-on-the-u-s-greece-strategic-dialogue/,"<p>Office of the Spokesman</p>

<section class=""wp-block-default-hero-container wp-block-default-hero-container--no-featured-content "">

	<div class=""wp-block-default-hero module featured-content page",US_Department_of_State
2026-10-07,Europe_Eurasia,Secretary of State Marco Rubio and Greek Prime Minister Kyriakos Mitsotakis before their Expanded Meeting,https://www.state.gov/releases/office-of-the-spokesman/2026/10/secretary-of-state-marco-rubio-and-greek-prime-minister-kyriakos-mitsotakis-before-their-expanded-meeting/,"<p>Marco Rubio, Secretary of State</p>
<p>Kyriakos Mitsotakis, Prime Minister</p>
<p>Athens, Greece</p>
<p>Maximos Mansion</p>

<section class=""wp-block-default-hero-container wp-block-default-hero-co",US_Department_of_State
2026-10-07,Europe_Eurasia,Secretary of State Marco Rubio and Greek Foreign Minister Giorgos Gerapetritis at a Joint Press Availability,https://www.state.gov/releases/office-of-the-spokesman/2026/10/secretary-of-state-marco-rubio-and-greek-foreign-minister-giorgos-gerapetritis-at-a-joint-press-availability/,"<p>Marco Rubio, Secretary of State</p>
<p>Giorgos Gerapetritis, Greek Foreign Minister</p>
<p>Athens, Greece</p>
<p>Ministry of Foreign Affairs</p>

<section class=""wp-block-default-hero-container wp-",US_Department_of_State
2026-10-07,Europe_Eurasia,Secretary of State Marco Rubio at the U.S. Embassy Chancery Dedication Ceremony,https://www.state.gov/releases/office-of-the-spokesman/2026/10/secretary-of-state-marco-rubio-at-the-u-s-embassy-chancery-dedication-ceremony/,"<p>Marco Rubio, Secretary of State</p>
<p>Athens, Greece</p>
<p>U.S. Embassy</p>

<section class=""wp-block-default-hero-container wp-block-default-hero-container--no-featured-content "">

	<div class=""",US_Department_of_State
2026-10-07,Europe_Eurasia,Secretary of State Marco Rubio at a State Partnership Program Signing Ceremony,https://www.state.gov/releases/office-of-the-spokesman/2026/10/secretary-of-state-marco-rubio-at-a-state-partnership-program-signing-ceremony/,"<p>Marco Rubio, Secretary of State</p>
<p>Athens, Greece</p>
<p>The Conrad Hotel </p>

<section class=""wp-block-default-hero-container wp-block-default-hero-container--no-featured-content "">

	<div cl",US_Department_of_State
2026-10-07,Europe_Eurasia,Secretary of State Marco Rubio and Greek Foreign Minister Giorgos Gerapetritis at the Opening Session of the United States-Greece Strategic Dialogue,https://www.state.gov/releases/office-of-the-spokesman/2026/10/secretary-of-state-marco-rubio-and-greek-foreign-minister-giorgos-gerapetritis-at-the-opening-session-of-the-united-states-greece-strategic-dialogue/,"<p>Marco Rubio, Secretary of State</p>
<p>Giorgos Gerapetritis, Greek Foreign Minister</p>
<p>Athens, Greece</p>
<p>Ministry of Foreign Affairs</p>

<section class=""wp-block-default-hero-container wp-",US_Department_of_State
2026-10-06,East_Asia_Pacific,Secretary Rubio’s Call with Mongolian Foreign Minister Battsetseg,https://www.state.gov/releases/office-of-the-spokesman/2026/10/secretary-rubios-call-with-mongolian-foreign-minister-battsetseg-2/,"<p>Office of the Spokesman</p>

<section class=""wp-block-default-hero-container wp-block-default-hero-container--no-featured-content "">

	<div class=""wp-block-default-hero module featured-content page",US_Department_of_State
2026-10-05,East_Asia_Pacific,Joint Statement on the U.S.-Japan Technology Prosperity Deal,https://www.state.gov/releases/office-of-the-spokesman/2026/10/joint-statement-on-the-u-s-japan-technology-prosperity-deal/,"<p>Office of the Spokesman</p>

<section class=""wp-block-default-hero-container wp-block-default-hero-container--no-featured-content "">

	<div class=""wp-block-default-hero module featured-content page",US_Department_of_State
2026-10-05,Near_East_Middle_East,Joint Statement on Countering Iranian Terrorist Activity in the Western Hemisphere,https://www.state.gov/releases/office-of-the-spokesman/2026/10/joint-statement-on-countering-iranian-terrorist-activity-in-the-western-hemisphere/,"<p>Office of the Spokesman</p>

<section class=""wp-block-default-hero-container wp-block-default-hero-container--no-featured-content "">

	<div class=""wp-block-default-hero module featured-content page",US_Department_of_State
2026-10-05,Near_East_Middle_East,Secretary of State Marco Rubio Remarks to the Press,https://www.state.gov/releases/office-of-the-spokesman/2026/10/secretary-of-state-marco-rubio-remarks-to-the-press-16/,"<p>Marco Rubio, Secretary of State</p>
<p>Joint Base Andrews</p>

<section class=""wp-block-default-hero-container wp-block-default-hero-container--no-featured-content "">

	<div class=""wp-block-default",US_Department_of_State
2026-10-03,Near_East_Middle_East,Iraq’s National Day,https://www.state.gov/releases/office-of-the-spokesman/2026/10/iraqs-national-day-2/,"<p>Marco Rubio, Secretary of State</p>

<section class=""wp-block-default-hero-container wp-block-default-hero-container--no-featured-content "">

	<div class=""wp-block-default-hero module featured-cont",US_Department_of_State
2026-10-02,Near_East_Middle_East,Secretary Rubio’s Call with Jordanian King Abdullah II,https://www.state.gov/releases/office-of-the-spokesman/2026/10/secretary-rubios-call-with-jordanian-king-abdullah-ii/,"<p>Office of the Spokesman</p>

<section class=""wp-block-default-hero-container wp-block-default-hero-container--no-featured-content "">

	<div class=""wp-block-default-hero module featured-content page",US_Department_of_State
2026-10-02,East_Asia_Pacific,United States and Japan Extend Science and Technology Agreement Indefinitely,https://www.state.gov/releases/office-of-the-spokesman/2026/10/united-states-and-japan-extend-science-and-technology-agreement-indefinitely/,"<p>Office of the Spokesman</p>

<section class=""wp-block-default-hero-container wp-block-default-hero-container--no-featured-content "">

	<div class=""wp-block-default-hero module featured-content page",US_Department_of_State
2026-10-02,Near_East_Middle_East,Ad-Hoc Coalition to Defeat ISIS Meeting on Iraq and Syria,https://www.state.gov/releases/office-of-the-spokesman/2026/10/ad-hoc-coalition-to-defeat-isis-meeting-on-iraq-and-syria/,"<p>Office of the Spokesman</p>

<section class=""wp-block-default-hero-container wp-block-default-hero-container--no-featured-content "">

	<div class=""wp-block-default-hero module featured-content page",US_Department_of_State
2026-10-02,Near_East_Middle_East,Joint Statement on the Anniversary of the Snapback of UN Restrictions on and Related to Iran,https://www.state.gov/releases/office-of-the-spokesman/2026/10/joint-statement-on-the-anniversary-of-the-snapback-of-un-restrictions-on-and-related-to-iran/,"<p>Office of the Spokesman</p>

<section class=""wp-block-default-hero-container wp-block-default-hero-container--no-featured-content "">

	<div class=""wp-block-default-hero module featured-content page",US_Department_of_State
2026-10-02,East_Asia_Pacific,Deputy Secretary Landau’s Meeting with Japanese State Minister for Foreign Affairs Horii,https://www.state.gov/releases/office-of-the-spokesman/2026/10/deputy-secretary-landaus-meeting-with-japanese-state-minister-for-foreign-affairs-iwao-horii/,"<p>Office of the Spokesman</p>

<section class=""wp-block-default-hero-container wp-block-default-hero-container--no-featured-content "">

	<div class=""wp-block-default-hero module featured-content page",US_Department_of_State
2026-10-01,Near_East_Middle_East,Operation Economic Outcast Targets Illicit Funding in Iran’s Rail and Automotive Sectors,https://www.state.gov/releases/office-of-the-spokesman/2026/10/operation-economic-outcast-targets-illicit-funding-in-irans-rail-and-automotive-sectors/,"<p>Thomas &quot;Tommy&quot; Pigott, SpokesmanOffice of the Spokesman</p>

<section class=""wp-block-default-hero-container wp-block-default-hero-container--no-featured-content "">

	<div class=""wp-block",US_Department_of_State
2026-09-30,East_Asia_Pacific,Tuvalu National Day,https://www.state.gov/releases/office-of-the-spokesman/2026/09/tuvalu-national-day-2/,"<p>Marco Rubio, Secretary of State</p>

<section class=""wp-block-default-hero-container wp-block-default-hero-container--no-featured-content "">

	<div class=""wp-block-default-hero module featured-cont",US_Department_of_State
2026-09-30,East_Asia_Pacific,People’s Republic of China National Day,https://www.state.gov/releases/office-of-the-spokesman/2026/09/peoples-republic-of-china-national-day-2/,"<p>Marco Rubio, Secretary of State</p>

<section class=""wp-block-default-hero-container wp-block-default-hero-container--no-featured-content "">

	<div class=""wp-block-default-hero module featured-cont",US_Department_of_State
2026-09-30,East_Asia_Pacific,Palau National Day,https://www.state.gov/releases/office-of-the-spokesman/2026/09/palau-national-day-2/,"<p>Marco Rubio, Secretary of State</p>

<section class=""wp-block-default-hero-container wp-block-default-hero-container--no-featured-content "">

	<div class=""wp-block-default-hero module featured-cont",US_Department_of_State
2026-09-29,Near_East_Middle_East,United States Disrupts Iran’s Proliferation-Sensitive Efforts in Support of UN Restrictions Fact Sheet,https://www.state.gov/releases/office-of-the-spokesman/2026/09/united-states-disrupts-irans-proliferation-sensitive-efforts-in-support-of-un-restrictions-fact-sheet/,"<p>Office of the Spokesman</p>

<section class=""wp-block-default-hero-container wp-block-default-hero-container--no-featured-content "">

	<div class=""wp-block-default-hero module featured-content page",US_Department_of_State
2026-09-23,East_Asia_Pacific,The United States Announces Civil Nuclear Initiatives on the Margins of the United Nations General Assembly,https://www.state.gov/releases/office-of-the-spokesman/2026/09/the-united-states-announces-civil-nuclear-initiatives-on-the-margins-of-the-united-nations-general-assembly/,"<p>Office of the Spokesman</p>

<section class=""wp-block-default-hero-container wp-block-default-hero-container--no-featured-content "">

	<div class=""wp-block-default-hero module featured-content page",US_Department_of_State
2026-09-21,East_Asia_Pacific,Announcing Steps to Impose Visa Restrictions on 32 Individuals Connected to Prince Group TCO & Others Scamming Americans,https://www.state.gov/releases/office-of-the-spokesman/2026/09/announcing-steps-to-impose-visa-restrictions-on-32-individuals-connected-to-prince-group-tco-others-scamming-americans/,"<p>Thomas &quot;Tommy&quot; Pigott, SpokesmanOffice of the Spokesman</p>

<section class=""wp-block-default-hero-container wp-block-default-hero-container--no-featured-content "">

	<div class=""wp-block",US_Department_of_State
2025-11-10,Press_Briefings,Secretary Rubio’s Travel to the G7 Foreign Ministers’ Meeting in Canada,https://www.state.gov/releases/office-of-the-spokesman/2025/11/secretary-rubios-travel-to-the-g7-foreign-ministers-meeting-in-canada/,"<p>Thomas &quot;Tommy&quot; Pigott, Principal Deputy Spokesperson</p>

<section class=""wp-block-default-hero-container wp-block-default-hero-container--no-featured-content "">

	<div class=""wp-block-de",US_Department_of_State
2025-11-04,Press_Briefings,Disrupting Illicit DPRK Bankers and Institutions Laundering Cybercrime and IT Worker Funds,https://www.state.gov/releases/office-of-the-spokesman/2025/11/disrupting-illicit-dprk-bankers-and-institutions-laundering-cybercrime-and-it-worker-funds/,"<p>Thomas &quot;Tommy&quot; Pigott, Principal Deputy Spokesperson</p>

<section class=""wp-block-default-hero-container wp-block-default-hero-container--no-featured-content "">

	<div class=""wp-block-de",US_Department_of_State
2025-11-03,Press_Briefings,Deputy Secretary Landau’s Call with Argentine Foreign Minister Quirno,https://www.state.gov/releases/office-of-the-spokesman/2025/11/deputy-secretary-landaus-call-with-argentine-foreign-minister-quirno/,"<p>Office of the Spokesman</p>

<section class=""wp-block-default-hero-container wp-block-default-hero-container--no-featured-content "">

	<div class=""wp-block-default-hero module featured-content page",US_Department_of_State
2025-10-31,Press_Briefings,Secretary Rubio’s Meeting with Bolivian President-Elect Paz,https://www.state.gov/releases/office-of-the-spokesman/2025/10/secretary-rubios-meeting-with-bolivian-president-elect-paz/,"<p>Office of the Spokesman</p>

<section class=""wp-block-default-hero-container wp-block-default-hero-container--no-featured-content "">

	<div class=""wp-block-default-hero module featured-content page",US_Department_of_State
2025-10-30,Press_Briefings,Secretary Rubio’s Call with President Jerí of Peru,https://www.state.gov/releases/office-of-the-spokesman/2025/10/secretary-rubios-call-with-president-jeri-of-peru/,"<p>Office of the Spokesman</p>

<section class=""wp-block-default-hero-container wp-block-default-hero-container--no-featured-content "">

	<div class=""wp-block-default-hero module featured-content page",US_Department_of_State
2025-08-12,Press_Briefings,"Department Press Briefing – August 12, 2025",https://www.state.gov/briefings/department-press-briefing-august-12-2025/,"<p>Tammy Bruce, Department Spokesperson</p>
<p>Washington, D.C.</p>

<section class=""wp-block-default-hero-container wp-block-default-hero-container--no-featured-content "">

	<div class=""wp-block-defa",US_Department_of_State
2025-08-05,Press_Briefings,"Department Press Briefing – August 5, 2025",https://www.state.gov/briefings/department-press-briefing-august-5-2025/,"<p>Tammy Bruce, Department Spokesperson</p>
<p>Washington, DC</p>

<section class=""wp-block-default-hero-container wp-block-default-hero-container--no-featured-content "">

	<div class=""wp-block-defaul",US_Department_of_State
2025-07-31,Press_Briefings,"Department Press Briefing – July 31, 2025",https://www.state.gov/briefings/department-press-briefing-july-31-2025/,"<p>Thomas &quot;Tommy&quot; Pigott, Principal Deputy Spokesperson</p>
<p>Washington, D.C.</p>

<section class=""wp-block-default-hero-container wp-block-default-hero-container--no-featured-content "">

",US_Department_of_State
2025-07-29,Press_Briefings,"Department Press Briefing – July 29, 2025",https://www.state.gov/briefings/department-press-briefing-july-29-2025/,"<p>Tammy Bruce, Department Spokesperson</p>
<p>Washington, D.C.</p>

<section class=""wp-block-default-hero-container wp-block-default-hero-container--no-featured-content "">

	<div class=""wp-block-defa",US_Department_of_State
2025-07-22,Press_Briefings,"Department Press Briefing – July 22, 2025",https://www.state.gov/briefings/department-press-briefing-july-22-2025/,"<p>Tammy Bruce, Department Spokesperson</p>
<p>Washington, DC</p>

<section class=""wp-block-default-hero-container wp-block-default-hero-container--no-featured-content "">

	<div class=""wp-block-defaul",US_Department_of_State
