date,type,title,executive_order_number,abstract,html_url,pdf_url,source
2026-10-07,Presidential Document,"National Manufacturing Day, 2026",,,https://www.federalregister.gov/documents/2026/10/07/2026-20629/national-manufacturing-day-2026,https://www.govinfo.gov/content/pkg/FR-2026-10-07/pdf/2026-20629.pdf,Federal_Register_Presidential_Documents
2026-10-05,Presidential Document,Presidential Determination on the Revocation of Presidential Determinations Related to Lebanon,,,https://www.federalregister.gov/documents/2026/10/05/2026-20439/presidential-determination-on-the-revocation-of-presidential-determinations-related-to-lebanon,https://www.govinfo.gov/content/pkg/FR-2026-10-05/pdf/2026-20439.pdf,Federal_Register_Presidential_Documents
2026-10-02,Presidential Document,Continuation of the National Emergency With Respect to the Situation in and in Relation to Syria,,,https://www.federalregister.gov/documents/2026/10/02/2026-20322/continuation-of-the-national-emergency-with-respect-to-the-situation-in-and-in-relation-to-syria,https://www.govinfo.gov/content/pkg/FR-2026-10-02/pdf/2026-20322.pdf,Federal_Register_Presidential_Documents
2026-10-02,Presidential Document,Inaugurating the Era of Super Intelligence,,,https://www.federalregister.gov/documents/2026/10/02/2026-20321/inaugurating-the-era-of-super-intelligence,https://www.govinfo.gov/content/pkg/FR-2026-10-02/pdf/2026-20321.pdf,Federal_Register_Presidential_Documents
2026-10-02,Presidential Document,Eliminating Disease-Carrying Pests and Restoring Enjoyment of the Great Outdoors,,,https://www.federalregister.gov/documents/2026/10/02/2026-20320/eliminating-disease-carrying-pests-and-restoring-enjoyment-of-the-great-outdoors,https://www.govinfo.gov/content/pkg/FR-2026-10-02/pdf/2026-20320.pdf,Federal_Register_Presidential_Documents
2026-10-02,Presidential Document,Streamlining Access to Government Services Through America.gov,,,https://www.federalregister.gov/documents/2026/10/02/2026-20319/streamlining-access-to-government-services-through-americagov,https://www.govinfo.gov/content/pkg/FR-2026-10-02/pdf/2026-20319.pdf,Federal_Register_Presidential_Documents
2026-10-02,Presidential Document,Presidential Determination on Refugee Admissions for Fiscal Year 2027,,,https://www.federalregister.gov/documents/2026/10/02/2026-20318/presidential-determination-on-refugee-admissions-for-fiscal-year-2027,https://www.govinfo.gov/content/pkg/FR-2026-10-02/pdf/2026-20318.pdf,Federal_Register_Presidential_Documents
2026-09-30,Presidential Document,"Gold Star Mother's and Family's Day, 2026",,,https://www.federalregister.gov/documents/2026/09/30/2026-20093/gold-star-mothers-and-familys-day-2026,https://www.govinfo.gov/content/pkg/FR-2026-09-30/pdf/2026-20093.pdf,Federal_Register_Presidential_Documents
2026-09-23,Presidential Document,Enhancing Program Integrity and Interagency Coordination in the Administration of the H-1B Nonimmigrant Visa Program,,,https://www.federalregister.gov/documents/2026/09/23/2026-19555/enhancing-program-integrity-and-interagency-coordination-in-the-administration-of-the-h-1b,https://www.govinfo.gov/content/pkg/FR-2026-09-23/pdf/2026-19555.pdf,Federal_Register_Presidential_Documents
2026-09-23,Presidential Document,Restriction on Entry of Certain Nonimmigrant Workers,,,https://www.federalregister.gov/documents/2026/09/23/2026-19554/restriction-on-entry-of-certain-nonimmigrant-workers,https://www.govinfo.gov/content/pkg/FR-2026-09-23/pdf/2026-19554.pdf,Federal_Register_Presidential_Documents
2026-09-22,Presidential Document,Restoring American Saltwater Angling and Recreation,,,https://www.federalregister.gov/documents/2026/09/22/2026-19417/restoring-american-saltwater-angling-and-recreation,https://www.govinfo.gov/content/pkg/FR-2026-09-22/pdf/2026-19417.pdf,Federal_Register_Presidential_Documents
2026-09-22,Presidential Document,Reinvigorating America's Hunting Heritage,,,https://www.federalregister.gov/documents/2026/09/22/2026-19416/reinvigorating-americas-hunting-heritage,https://www.govinfo.gov/content/pkg/FR-2026-09-22/pdf/2026-19416.pdf,Federal_Register_Presidential_Documents
2026-09-21,Presidential Document,Restoring Reciprocity in Government Procurement,,,https://www.federalregister.gov/documents/2026/09/21/2026-19336/restoring-reciprocity-in-government-procurement,https://www.govinfo.gov/content/pkg/FR-2026-09-21/pdf/2026-19336.pdf,Federal_Register_Presidential_Documents
2026-09-21,Presidential Document,Providing Meaningful Water Quality Improvements Through Collaboration and Oversight of Federal Support,,,https://www.federalregister.gov/documents/2026/09/21/2026-19335/providing-meaningful-water-quality-improvements-through-collaboration-and-oversight-of-federal,https://www.govinfo.gov/content/pkg/FR-2026-09-21/pdf/2026-19335.pdf,Federal_Register_Presidential_Documents
2026-09-21,Presidential Document,"National POW/MIA Recognition Day, 2026",,,https://www.federalregister.gov/documents/2026/09/21/2026-19334/national-powmia-recognition-day-2026,https://www.govinfo.gov/content/pkg/FR-2026-09-21/pdf/2026-19334.pdf,Federal_Register_Presidential_Documents
2026-09-21,Presidential Document,"Constitution Day, Citizenship Day, and Constitution Week, 2026",,,https://www.federalregister.gov/documents/2026/09/21/2026-19333/constitution-day-citizenship-day-and-constitution-week-2026,https://www.govinfo.gov/content/pkg/FR-2026-09-21/pdf/2026-19333.pdf,Federal_Register_Presidential_Documents
2026-09-18,Presidential Document,Presidential Determination on Major Drug Transit or Major Illicit Drug Producing Countries for Fiscal Year 2027,,,https://www.federalregister.gov/documents/2026/09/18/2026-19251/presidential-determination-on-major-drug-transit-or-major-illicit-drug-producing-countries-for,https://www.govinfo.gov/content/pkg/FR-2026-09-18/pdf/2026-19251.pdf,Federal_Register_Presidential_Documents
2026-09-16,Presidential Document,"Continuation of the National Emergency With Respect to Persons Who Commit, Threaten To Commit, or Support Terrorism",,,https://www.federalregister.gov/documents/2026/09/16/2026-19053/continuation-of-the-national-emergency-with-respect-to-persons-who-commit-threaten-to-commit-or,https://www.govinfo.gov/content/pkg/FR-2026-09-16/pdf/2026-19053.pdf,Federal_Register_Presidential_Documents
2026-09-15,Presidential Document,"Patriot Day 2026, the 25th Anniversary of the September 11 Terrorist Attacks",,,https://www.federalregister.gov/documents/2026/09/15/2026-18959/patriot-day-2026-the-25th-anniversary-of-the-september-11-terrorist-attacks,https://www.govinfo.gov/content/pkg/FR-2026-09-15/pdf/2026-18959.pdf,Federal_Register_Presidential_Documents
2026-09-14,Presidential Document,Modifying the Scope of Products of Canada Subject to the Additional Duties Imposed To Offset Canadian Discrimination Against the Commerce of the United States With Respect to Motor Vehicles,,,https://www.federalregister.gov/documents/2026/09/14/2026-18839/modifying-the-scope-of-products-of-canada-subject-to-the-additional-duties-imposed-to-offset,https://www.govinfo.gov/content/pkg/FR-2026-09-14/pdf/2026-18839.pdf,Federal_Register_Presidential_Documents
2026-09-14,Presidential Document,Modifying the Scope of Products of Canada Subject to the Additional Duties Imposed To Offset Canadian Discrimination Against the Commerce of the United States With Respect to Alcoholic Beverages,,,https://www.federalregister.gov/documents/2026/09/14/2026-18838/modifying-the-scope-of-products-of-canada-subject-to-the-additional-duties-imposed-to-offset,https://www.govinfo.gov/content/pkg/FR-2026-09-14/pdf/2026-18838.pdf,Federal_Register_Presidential_Documents
2026-09-14,Presidential Document,Excluding Certain Canadian Products From Importation Into the United States in Response to Continued Discrimination Against the Commerce of the United States With Respect to Motor Vehicles,,,https://www.federalregister.gov/documents/2026/09/14/2026-18837/excluding-certain-canadian-products-from-importation-into-the-united-states-in-response-to-continued,https://www.govinfo.gov/content/pkg/FR-2026-09-14/pdf/2026-18837.pdf,Federal_Register_Presidential_Documents
2026-09-14,Presidential Document,Excluding Certain Canadian Products From Importation Into the United States in Response to Continued Discrimination Against the Commerce of the United States With Respect to Dairy,,,https://www.federalregister.gov/documents/2026/09/14/2026-18836/excluding-certain-canadian-products-from-importation-into-the-united-states-in-response-to-continued,https://www.govinfo.gov/content/pkg/FR-2026-09-14/pdf/2026-18836.pdf,Federal_Register_Presidential_Documents
2026-09-14,Presidential Document,Excluding Certain Canadian Products From Importation Into the United States in Response to Continued Discrimination Against the Commerce of the United States With Respect to Alcoholic Beverages,,,https://www.federalregister.gov/documents/2026/09/14/2026-18835/excluding-certain-canadian-products-from-importation-into-the-united-states-in-response-to-continued,https://www.govinfo.gov/content/pkg/FR-2026-09-14/pdf/2026-18835.pdf,Federal_Register_Presidential_Documents
2026-09-11,Presidential Document,Adjusting Certain Delegations Under the Defense Production Act,,,https://www.federalregister.gov/documents/2026/09/11/2026-18739/adjusting-certain-delegations-under-the-defense-production-act,https://www.govinfo.gov/content/pkg/FR-2026-09-11/pdf/2026-18739.pdf,Federal_Register_Presidential_Documents
2026-09-11,Presidential Document,Accelerating Access to Veterans' Benefits and Employment Opportunities,,,https://www.federalregister.gov/documents/2026/09/11/2026-18738/accelerating-access-to-veterans-benefits-and-employment-opportunities,https://www.govinfo.gov/content/pkg/FR-2026-09-11/pdf/2026-18738.pdf,Federal_Register_Presidential_Documents
2026-09-10,Presidential Document,Continuation of the National Emergency With Respect to Certain Terrorist Attacks,,,https://www.federalregister.gov/documents/2026/09/10/2026-18589/continuation-of-the-national-emergency-with-respect-to-certain-terrorist-attacks,https://www.govinfo.gov/content/pkg/FR-2026-09-10/pdf/2026-18589.pdf,Federal_Register_Presidential_Documents
2026-09-10,Presidential Document,"Labor Day, 2026",,,https://www.federalregister.gov/documents/2026/09/10/2026-18573/labor-day-2026,https://www.govinfo.gov/content/pkg/FR-2026-09-10/pdf/2026-18573.pdf,Federal_Register_Presidential_Documents
2026-09-10,Presidential Document,Supporting America's Ranchers,,,https://www.federalregister.gov/documents/2026/09/10/2026-18571/supporting-americas-ranchers,https://www.govinfo.gov/content/pkg/FR-2026-09-10/pdf/2026-18571.pdf,Federal_Register_Presidential_Documents
2026-09-10,Presidential Document,Promoting Fair Competition in Livestock Markets and Expanding Market Access for American Meat Producers,,,https://www.federalregister.gov/documents/2026/09/10/2026-18567/promoting-fair-competition-in-livestock-markets-and-expanding-market-access-for-american-meat,https://www.govinfo.gov/content/pkg/FR-2026-09-10/pdf/2026-18567.pdf,Federal_Register_Presidential_Documents
